"empno","firstname","lastname","password"
"001","Alice","Anderson","qwe123"
"002","Bob","Brown","qwe123"
"003","Carol","Cooper","qwe123"
"004","David","Davies","qwe123"
"005","Erin","Evans","qwe123"
"006","Frank","Fox","qwe123"
"007","Goerge","Green","qwe123"
"008","Harry","Harris","qwe123"
"009","Isabella","Irvine","qwe123"
"010","Jack","Jones","qwe123"
"011","Kate","Knowles","qwe123"
"012","Lily","Lewis","qwe123"
"013","Max","Morgan","qwe123"
"014","Nathan","Newman","qwe123"
"015","Oliver","Owen","qwe123"
"016","Peter","Phillips","qwe123"
"017","Quentin","Quinn","qwe123"
"018","Roger","Russell","qwe123"
"019","Sophia","Simpson","qwe123"
"020","Thomas","Turner","qwe123"
"021","Uma","Underhill","qwe123"
"022","Violet","Vickers","qwe123"
"023","William","Walker","qwe123"
"024","Xenia","Xanadu","qwe123"
"025","Yasmine","Young","qwe123"
"026","Zed","Zimmerman","qwe123"
